{"farPlane": 2450.8150560269387, "targetPosition": [229.41100692749023, 1242.9623413085938, 237.2041015625], "nearPlane": 60.38086710699374, "upVector": [0.0, 1.0, 0.0], "eyePosition": [229.41100692749023, 1242.9623413085938, 1444.8214437023737]}