{"farPlane": 2459.6831809160667, "targetPosition": [159.56783294677734, 174.5257225036621, 90.9678602218628], "nearPlane": 60.59935159406341, "upVector": [0.0, 1.0, 0.0], "eyePosition": [159.56783294677734, 174.5257225036621, 1302.9548921031299]}