{"farPlane": 1797.3016598214049, "targetPosition": [102.41199493408203, 171.1286964416504, 90.97547817230225], "nearPlane": 44.28022114764692, "upVector": [0.0, 1.0, 0.0], "eyePosition": [102.41199493408203, 171.1286964416504, 976.5799011252399]}