{"farPlane": 2961.765267426666, "targetPosition": [239.03745651245117, 442.2655944824219, 191.62987518310547], "nearPlane": 72.96917593794707, "upVector": [0.0, 1.0, 0.0], "eyePosition": [239.03745651245117, 442.2655944824219, 1651.0133939420457]}