{"farPlane": 2474.727240967829, "targetPosition": [157.30326080322266, 173.26224517822266, 93.22337532043457], "nearPlane": 60.969992939888854, "upVector": [0.0, 1.0, 0.0], "eyePosition": [157.30326080322266, 173.26224517822266, 1312.6232341182106]}