{"farPlane": 1773.149531627717, "targetPosition": [97.78772735595703, 167.57086181640625, 93.22337532043457], "nearPlane": 43.6851838194618, "upVector": [0.0, 1.0, 0.0], "eyePosition": [97.78772735595703, 167.57086181640625, 966.9270517096697]}