{"farPlane": 1676.6815311851824, "targetPosition": [97.70371055603027, 166.18970489501953, 89.96366119384766], "nearPlane": 41.30849631688018, "upVector": [0.0, 1.0, 0.0], "eyePosition": [97.70371055603027, 166.18970489501953, 916.1335875314505]}