{"farPlane": 2296.2216212265384, "targetPosition": [150.4547939300537, 172.09577178955078, 89.91279315948486], "nearPlane": 56.57214003909782, "upVector": [0.0, 1.0, 0.0], "eyePosition": [150.4547939300537, 172.09577178955078, 1221.3555939414402]}