{"farPlane": 2296.272152728434, "targetPosition": [150.4547939300537, 172.09577178955078, 89.90560626983643], "nearPlane": 56.57338498652588, "upVector": [0.0, 1.0, 0.0], "eyePosition": [150.4547939300537, 172.09577178955078, 1221.373306000353]}