{"farPlane": 3164.1969917265933, "targetPosition": [235.89299392700195, 464.0616912841797, 129.9106674194336], "nearPlane": 77.95649761003132, "upVector": [0.0, 1.0, 0.0], "eyePosition": [235.89299392700195, 464.0616912841797, 1689.0406196200586]}