{"farPlane": 2711.4194853402773, "targetPosition": [232.99633026123047, 470.09352111816406, 151.52809524536133], "nearPlane": 66.80139295416713, "upVector": [0.0, 1.0, 0.0], "eyePosition": [232.99633026123047, 470.09352111816406, 1487.5559543287027]}