{"farPlane": 3342.7554327564376, "targetPosition": [219.7378749847412, 483.72422790527344, 246.72731018066406], "nearPlane": 82.35565187185192, "upVector": [0.0, 1.0, 0.0], "eyePosition": [219.7378749847412, 483.72422790527344, 1893.840347617701]}