{"farPlane": 6299.062345683471, "targetPosition": [215.13201332092285, 946.4735107421875, 213.6407699584961], "nearPlane": 155.19035002582478, "upVector": [0.0, 1.0, 0.0], "eyePosition": [215.13201332092285, 946.4735107421875, 3317.447770474989]}