{"farPlane": 2799.5459265680756, "targetPosition": [238.6194305419922, 471.7984619140625, 100.25683212280273], "nearPlane": 68.97256899754194, "upVector": [0.0, 1.0, 0.0], "eyePosition": [238.6194305419922, 471.7984619140625, 1479.7082120736404]}