{"farPlane": 2789.402204200207, "targetPosition": [240.6446533203125, 471.3900146484375, 90.78092384338379], "nearPlane": 68.72265754430587, "upVector": [0.0, 1.0, 0.0], "eyePosition": [240.6446533203125, 471.3900146484375, 1465.2340747295002]}