{"farPlane": 2999.3277773199666, "targetPosition": [284.22825622558594, 1022.2535400390625, 68.42023086547852], "nearPlane": 73.89460558735902, "upVector": [0.0, 1.0, 0.0], "eyePosition": [284.22825622558594, 1022.2535400390625, 1546.3123426126576]}