{"farPlane": 703.5592233006629, "targetPosition": [109.99732971191406, 187.50788116455078, 113.40641403198242], "nearPlane": 17.333627790293008, "upVector": [0.0, 1.0, 0.0], "eyePosition": [109.99732971191406, 187.50788116455078, 460.0789698378423]}