{"farPlane": 2745.2597123111727, "targetPosition": [233.95302200317383, 1352.6481323242188, 237.39990997314453], "nearPlane": 67.63511651179557, "upVector": [0.0, 1.0, 0.0], "eyePosition": [233.95302200317383, 1352.6481323242188, 1590.1022402090548]}