{"farPlane": 2595.8179377737993, "targetPosition": [226.03800582885742, 1213.2935180664062, 269.5941162109375], "nearPlane": 63.953311184876085, "upVector": [0.0, 1.0, 0.0], "eyePosition": [226.03800582885742, 1213.2935180664062, 1548.6603399084581]}