{"farPlane": 2148.4764300841484, "targetPosition": [237.0652313232422, 648.4088134765625, 138.65491485595703], "nearPlane": 52.932133531822636, "upVector": [0.0, 1.0, 0.0], "eyePosition": [237.0652313232422, 648.4088134765625, 1197.2975854924089]}