{"farPlane": 1812.471584880389, "targetPosition": [104.77658462524414, 159.8839874267578, 82.42836284637451], "nearPlane": 44.653963436669116, "upVector": [0.0, 1.0, 0.0], "eyePosition": [104.77658462524414, 159.8839874267578, 975.5076315797561]}