{"farPlane": 4162.851213292886, "targetPosition": [155.03221201896667, 205.77112770080566, 94.00895118713379], "nearPlane": 102.56039731676212, "upVector": [0.0, 1.0, 0.0], "eyePosition": [155.03221201896667, 205.77112770080566, 2145.2168975223744]}