{"farPlane": 2565.2271536710996, "targetPosition": [162.78422927856445, 174.55944061279297, 82.42836284637451], "nearPlane": 63.199644332266566, "upVector": [0.0, 1.0, 0.0], "eyePosition": [162.78422927856445, 174.55944061279297, 1346.4212494917047]}