{"farPlane": 4767.746256825805, "targetPosition": [223.89681243896484, 755.4636535644531, 196.89861679077148], "nearPlane": 117.46323021205625, "upVector": [0.0, 1.0, 0.0], "eyePosition": [223.89681243896484, 755.4636535644531, 2546.1632210318944]}