{"farPlane": 3193.881734108045, "targetPosition": [243.81504440307617, 1122.0969848632812, 134.16825008392334], "nearPlane": 78.68784226226528, "upVector": [0.0, 1.0, 0.0], "eyePosition": [243.81504440307617, 1122.0969848632812, 1707.9250953292274]}