{"farPlane": 1855.476257610931, "targetPosition": [105.82805252075195, 170.18625259399414, 90.1131591796875], "nearPlane": 45.71347195516668, "upVector": [0.0, 1.0, 0.0], "eyePosition": [105.82805252075195, 170.18625259399414, 1004.3825982830203]}