{"farPlane": 2394.366927848906, "targetPosition": [157.98827934265137, 174.39633560180664, 89.19696044921875], "nearPlane": 58.99015142749987, "upVector": [0.0, 1.0, 0.0], "eyePosition": [157.98827934265137, 174.39633560180664, 1268.999988999215]}