{"farPlane": 3007.641936141123, "targetPosition": [218.8300323486328, 1116.125244140625, 291.91854095458984], "nearPlane": 74.09944198154231, "upVector": [0.0, 1.0, 0.0], "eyePosition": [218.8300323486328, 1116.125244140625, 1773.9073805854348]}