{"farPlane": 3897.366559465991, "targetPosition": [224.91604614257812, 1094.9938659667969, 257.1910095214844], "nearPlane": 96.01963710629775, "upVector": [0.0, 1.0, 0.0], "eyePosition": [224.91604614257812, 1094.9938659667969, 2177.5837516474376]}