{"farPlane": 3127.6439573131875, "targetPosition": [139.18354415893555, 184.12957191467285, 97.07953262329102], "nearPlane": 77.05593846427055, "upVector": [0.0, 1.0, 0.0], "eyePosition": [139.18354415893555, 184.12957191467285, 1638.1983019087008]}