{"farPlane": 2094.9423593629494, "targetPosition": [216.21219635009766, 573.0562744140625, 349.4410705566406], "nearPlane": 51.61321164827861, "upVector": [0.0, 1.0, 0.0], "eyePosition": [216.21219635009766, 573.0562744140625, 1381.7053035222118]}