{"farPlane": 3138.351219723564, "targetPosition": [139.18354415893555, 184.12879943847656, 97.07953262329102], "nearPlane": 77.31973388493716, "upVector": [0.0, 1.0, 0.0], "eyePosition": [139.18354415893555, 184.12879943847656, 1643.4742103220328]}