{"farPlane": 3275.038886491582, "targetPosition": [231.70639419555664, 1274.226318359375, 213.62874603271484], "nearPlane": 80.68731554802044, "upVector": [0.0, 1.0, 0.0], "eyePosition": [231.70639419555664, 1274.226318359375, 1827.3750569931221]}