{"farPlane": 3180.9604497667196, "targetPosition": [232.4235954284668, 1264.4622802734375, 218.525634765625], "nearPlane": 78.36949985990954, "upVector": [0.0, 1.0, 0.0], "eyePosition": [232.4235954284668, 1264.4622802734375, 1785.9156319638143]}