{"farPlane": 1856.1542020804732, "targetPosition": [105.2344913482666, 172.18999481201172, 92.2323408126831], "nearPlane": 45.73017451084124, "upVector": [0.0, 1.0, 0.0], "eyePosition": [105.2344913482666, 172.18999481201172, 1006.8358310295071]}