{"farPlane": 2510.54879508414, "targetPosition": [161.43097305297852, 173.14725875854492, 90.05191230773926], "nearPlane": 61.85253056480834, "upVector": [0.0, 1.0, 0.0], "eyePosition": [161.43097305297852, 173.14725875854492, 1327.102523603905]}