{"farPlane": 2881.1975260680374, "targetPosition": [246.19950485229492, 1139.876953125, 189.57303619384766], "nearPlane": 70.9842240044575, "upVector": [0.0, 1.0, 0.0], "eyePosition": [246.19950485229492, 1139.876953125, 1609.2575162829964]}