{"farPlane": 5581.384045191491, "targetPosition": [216.84862518310547, 726.207275390625, 320.47159576416016], "nearPlane": 137.50886974398375, "upVector": [0.0, 1.0, 0.0], "eyePosition": [216.84862518310547, 726.207275390625, 3070.648990643833]}