{"farPlane": 3953.1162546037112, "targetPosition": [93.43048477172852, 202.74251747131348, 89.1992301940918], "nearPlane": 97.39314545205727, "upVector": [0.0, 1.0, 0.0], "eyePosition": [93.43048477172852, 202.74251747131348, 2037.0621392352355]}