{"farPlane": 3130.7265472092718, "targetPosition": [218.02145385742188, 492.9617156982422, 285.7869186401367], "nearPlane": 77.13188440331768, "upVector": [0.0, 1.0, 0.0], "eyePosition": [218.02145385742188, 492.9617156982422, 1828.4246067064892]}