{"farPlane": 12759.395283154896, "targetPosition": [238.60744762420654, 747.1019992828369, 226.4571647644043], "nearPlane": 314.3539326083324, "upVector": [0.0, 1.0, 0.0], "eyePosition": [238.60744762420654, 747.1019992828369, 6513.535816931047]}