{"farPlane": 2083.0694038866222, "targetPosition": [211.3605194091797, 1358.0036010742188, 267.99788665771484], "nearPlane": 51.32069698258795, "upVector": [0.0, 1.0, 0.0], "eyePosition": [211.3605194091797, 1358.0036010742188, 1294.4118263094729]}