{"farPlane": 2642.2566079120097, "targetPosition": [223.61306762695312, 1213.3341674804688, 274.1844482421875], "nearPlane": 65.09742328886587, "upVector": [0.0, 1.0, 0.0], "eyePosition": [223.61306762695312, 1213.3341674804688, 1576.1329140195037]}