{"farPlane": 2939.742526916141, "targetPosition": [225.50556182861328, 545.0633392333984, 265.06722259521484], "nearPlane": 72.42660045277215, "upVector": [0.0, 1.0, 0.0], "eyePosition": [225.50556182861328, 545.0633392333984, 1713.5992316506565]}