{"farPlane": 3557.9044147554587, "targetPosition": [214.02805709838867, 657.7172393798828, 337.9960632324219], "nearPlane": 87.65628933053786, "upVector": [0.0, 1.0, 0.0], "eyePosition": [214.02805709838867, 657.7172393798828, 2091.121849843177]}