{"farPlane": 3246.557150853503, "targetPosition": [232.71194458007812, 527.076416015625, 155.49494171142578], "nearPlane": 79.9856094399605, "upVector": [0.0, 1.0, 0.0], "eyePosition": [232.71194458007812, 527.076416015625, 1755.2071305106342]}