{"farPlane": 2085.23805445096, "targetPosition": [263.7674789428711, 1082.5, 171.98411560058594], "nearPlane": 51.374126147389575, "upVector": [0.0, 1.0, 0.0], "eyePosition": [263.7674789428711, 1082.5, 1199.4666385483765]}