{"farPlane": 7.88551982890656, "targetPosition": [0.0, 0.0, 0.0], "nearPlane": 0.19427599144532817, "upVector": [0.0, 1.0, 0.0], "eyePosition": [0.0, 0.0, 3.8855198289065602]}