{"farPlane": 1009.2060899232351, "targetPosition": [195.8334197998047, 1005.9786682128906, 283.01905822753906], "nearPlane": 24.8638666754436, "upVector": [0.0, 1.0, 0.0], "eyePosition": [195.8334197998047, 1005.9786682128906, 780.2963917364107]}