{"farPlane": 3459.977674200896, "targetPosition": [237.63309288024902, 1233.118896484375, 219.602783203125], "nearPlane": 85.24366276652792, "upVector": [0.0, 1.0, 0.0], "eyePosition": [237.63309288024902, 1233.118896484375, 1924.476038533682]}