{"farPlane": 2582.663572125688, "targetPosition": [233.99322891235352, 476.78253173828125, 111.16934967041016], "nearPlane": 63.62922634537661, "upVector": [0.0, 1.0, 0.0], "eyePosition": [233.99322891235352, 476.78253173828125, 1383.7538765779411]}