{"farPlane": 2288.7827884282965, "targetPosition": [243.6201400756836, 472.17884826660156, 127.69218826293945], "nearPlane": 56.388869100918605, "upVector": [0.0, 1.0, 0.0], "eyePosition": [243.6201400756836, 472.17884826660156, 1255.4695702813106]}