{"farPlane": 3017.624938107314, "targetPosition": [239.69717025756836, 1078.3105773925781, 156.08486938476562], "nearPlane": 74.34539375728609, "upVector": [0.0, 1.0, 0.0], "eyePosition": [239.69717025756836, 1078.3105773925781, 1642.992744530486]}