{"farPlane": 2421.345040703016, "targetPosition": [229.8487892150879, 478.8426055908203, 118.44816970825195], "nearPlane": 59.65481269724179, "upVector": [0.0, 1.0, 0.0], "eyePosition": [229.8487892150879, 478.8426055908203, 1311.5444236530866]}