{"farPlane": 2748.6062367893887, "targetPosition": [239.16775131225586, 472.647216796875, 101.0360336303711], "nearPlane": 67.71756502185045, "upVector": [0.0, 1.0, 0.0], "eyePosition": [239.16775131225586, 472.647216796875, 1455.3873340673788]}