{"farPlane": 3030.628182176976, "targetPosition": [238.82363510131836, 1143.7710571289062, 194.84800720214844], "nearPlane": 74.66575540603608, "upVector": [0.0, 1.0, 0.0], "eyePosition": [238.82363510131836, 1143.7710571289062, 1688.1631153228689]}