{"farPlane": 2403.1138192597373, "targetPosition": [236.92362213134766, 469.8179168701172, 63.13928985595703], "nearPlane": 59.20564907860901, "upVector": [0.0, 1.0, 0.0], "eyePosition": [236.92362213134766, 469.8179168701172, 1247.252271428136]}