{"farPlane": 5889.950876526356, "targetPosition": [205.78074645996094, 775.7556915283203, 281.97344970703125], "nearPlane": 145.11104796246616, "upVector": [0.0, 1.0, 0.0], "eyePosition": [205.78074645996094, 775.7556915283203, 3184.1944089563517]}