{"farPlane": 2788.830058847202, "targetPosition": [222.17434692382812, 532.7821502685547, 265.2542419433594], "nearPlane": 68.70856156736109, "upVector": [0.0, 1.0, 0.0], "eyePosition": [222.17434692382812, 532.7821502685547, 1639.42547329058]}