{"farPlane": 3825.852173856675, "targetPosition": [202.71191215515137, 1097.4641418457031, 284.87152099609375], "nearPlane": 94.25773320290222, "upVector": [0.0, 1.0, 0.0], "eyePosition": [202.71191215515137, 1097.4641418457031, 2170.0261850541365]}