{"farPlane": 2406.491477578442, "targetPosition": [192.27070236206055, 1041.2035522460938, 296.26295471191406], "nearPlane": 59.288864634826915, "upVector": [0.0, 1.0, 0.0], "eyePosition": [192.27070236206055, 1041.2035522460938, 1482.0402474084513]}