{"farPlane": 8038.804398260836, "targetPosition": [193.09407806396484, 909.0126037597656, 326.9075241088867], "nearPlane": 198.0524719222914, "upVector": [0.0, 1.0, 0.0], "eyePosition": [193.09407806396484, 909.0126037597656, 4287.956962554712]}