{"farPlane": 5564.323750056494, "targetPosition": [222.96078300476074, 734.224609375, 164.1813907623291], "nearPlane": 137.08855430205796, "upVector": [0.0, 1.0, 0.0], "eyePosition": [222.96078300476074, 734.224609375, 2905.9524768034858]}