{"farPlane": 9983.553109665096, "targetPosition": [231.51385116577148, 911.3321990966797, 217.52285385131836], "nearPlane": 245.9653542962714, "upVector": [0.0, 1.0, 0.0], "eyePosition": [231.51385116577148, 911.3321990966797, 5136.829939776742]}