{"farPlane": 2636.8691801910336, "targetPosition": [200.75757598876953, 1131.625732421875, 319.5327606201172], "nearPlane": 64.9646929318898, "upVector": [0.0, 1.0, 0.0], "eyePosition": [200.75757598876953, 1131.625732421875, 1618.826619257912]}