{"farPlane": 3725.249908435495, "targetPosition": [228.18681144714355, 1227.22900390625, 248.8909683227539], "nearPlane": 91.7791895836598, "upVector": [0.0, 1.0, 0.0], "eyePosition": [228.18681144714355, 1227.22900390625, 2084.4747599959483]}