{"farPlane": 5786.919482691923, "targetPosition": [221.68330001831055, 774.5794982910156, 216.8402442932129], "nearPlane": 142.57265777114324, "upVector": [0.0, 1.0, 0.0], "eyePosition": [221.68330001831055, 774.5794982910156, 3068.2933997160753]}