{"farPlane": 2631.208030889118, "targetPosition": [229.25832748413086, 594.280029296875, 185.9347381591797], "nearPlane": 64.82521888107098, "upVector": [0.0, 1.0, 0.0], "eyePosition": [229.25832748413086, 594.280029296875, 1482.439115780598]}