{"farPlane": 3279.235726169981, "targetPosition": [216.21959686279297, 704.1204528808594, 254.6603240966797], "nearPlane": 80.79071332104603, "upVector": [0.0, 1.0, 0.0], "eyePosition": [216.21959686279297, 704.1204528808594, 1870.4745905175987]}