{"farPlane": 3094.270515517108, "targetPosition": [248.75104904174805, 1106.2579345703125, 145.09648513793945], "nearPlane": 76.23371511900565, "upVector": [0.0, 1.0, 0.0], "eyePosition": [248.75104904174805, 1106.2579345703125, 1669.770787518051]}