{"farPlane": 2801.5020419745642, "targetPosition": [226.51698684692383, 536.8394470214844, 170.04902267456055], "nearPlane": 69.02076192181613, "upVector": [0.0, 1.0, 0.0], "eyePosition": [226.51698684692383, 536.8394470214844, 1550.4642611108818]}