{"farPlane": 2842.052453969131, "targetPosition": [231.85042572021484, 529.5754852294922, 146.34534454345703], "nearPlane": 70.01980468179778, "upVector": [0.0, 1.0, 0.0], "eyePosition": [231.85042572021484, 529.5754852294922, 1546.7414381794115]}