{"farPlane": 2036.7635071188188, "nearPlane": 50.17985602352368, "upVector": [0.0,1.0, 0], "numberOfResources": 1, "targetPosition": [0, 0, 0], "timeEnabled": 0, "eyePosition": [0, 0,300]}